{"cameraMode":{"drawMode":0,"name":"Shaded","section":"Shading Mode"},"sceneLighting":true,"audioPlay":false,"sceneViewState":{"m_AlwaysRefresh":false,"showFog":true,"showSkybox":true,"showFlares":true,"showImageEffects":true,"showParticleSystems":true,"showVisualEffectGraphs":true,"m_FxEnabled":true},"in2DMode":false,"pivot":{"x":353.3154296875,"y":218.87039184570313,"z":20.865386962890626},"rotation":{"x":0.09316276758909226,"y":-0.01611800119280815,"z":0.0015087848296388984,"w":0.9955259561538696},"size":335.29571533203127,"orthographic":false}