{"cameraMode":{"drawMode":0,"name":"Shaded","section":"Shading Mode"},"sceneLighting":true,"audioPlay":false,"sceneViewState":{"m_AlwaysRefresh":false,"showFog":true,"showSkybox":true,"showFlares":true,"showImageEffects":true,"showParticleSystems":true,"showVisualEffectGraphs":true,"m_FxEnabled":true},"in2DMode":false,"pivot":{"x":4.7787861824035648,"y":12.471536636352539,"z":-1.6193389892578126},"rotation":{"x":-0.09248391538858414,"y":0.024662567302584649,"z":-0.0022981243673712017,"w":-0.9954318404197693},"size":18.63888168334961,"orthographic":false}