{"cameraMode":{"drawMode":0,"name":"Shaded","section":"Shading Mode"},"sceneLighting":true,"audioPlay":false,"sceneViewState":{"m_AlwaysRefresh":false,"showFog":true,"showSkybox":true,"showFlares":true,"showImageEffects":true,"showParticleSystems":true,"showVisualEffectGraphs":true,"m_FxEnabled":true},"in2DMode":false,"pivot":{"x":325.8747253417969,"y":267.4704284667969,"z":19.462387084960939},"rotation":{"x":-0.07372615486383438,"y":0.021536793559789659,"z":-0.0015940062003210188,"w":-0.9970541596412659},"size":11.560418128967286,"orthographic":false}