{"cameraMode":{"drawMode":0,"name":"Shaded","section":"Shading Mode"},"sceneLighting":true,"audioPlay":false,"sceneViewState":{"m_AlwaysRefresh":false,"showFog":true,"showSkybox":true,"showFlares":true,"showImageEffects":true,"showParticleSystems":true,"showVisualEffectGraphs":true,"m_FxEnabled":true},"in2DMode":false,"pivot":{"x":2.6911427974700929,"y":6.296445369720459,"z":57.86790466308594},"rotation":{"x":0.03298822417855263,"y":0.018590709194540979,"z":-0.0006137318559922278,"w":0.9992833733558655},"size":34.14823532104492,"orthographic":false}