{"cameraMode":{"drawMode":0,"name":"Shaded","section":"Shading Mode"},"sceneLighting":true,"audioPlay":false,"sceneViewState":{"m_AlwaysRefresh":false,"showFog":true,"showSkybox":true,"showFlares":true,"showImageEffects":true,"showParticleSystems":true,"showVisualEffectGraphs":true,"m_FxEnabled":true},"in2DMode":false,"pivot":{"x":65.14257049560547,"y":15.476629257202149,"z":-29.546539306640626},"rotation":{"x":0.07193059474229813,"y":0.014064906165003777,"z":-0.0010144176194444299,"w":0.9973102807998657},"size":45.003543853759769,"orthographic":false}