{"cameraMode":{"drawMode":0,"name":"Shaded","section":"Shading Mode"},"sceneLighting":true,"audioPlay":false,"sceneViewState":{"m_AlwaysRefresh":false,"showFog":true,"showSkybox":true,"showFlares":true,"showImageEffects":true,"showParticleSystems":true,"showVisualEffectGraphs":true,"m_FxEnabled":true},"in2DMode":false,"pivot":{"x":466.6849365234375,"y":221.1654510498047,"z":181.94436645507813},"rotation":{"x":0.0011903170961886645,"y":-0.005402818787842989,"z":-0.00000841536711959634,"w":-0.999995231628418},"size":344.5280456542969,"orthographic":false}