{"cameraMode":{"drawMode":0,"name":"Shaded","section":"Shading Mode"},"sceneLighting":true,"audioPlay":false,"sceneViewState":{"m_AlwaysRefresh":false,"showFog":true,"showSkybox":true,"showFlares":true,"showImageEffects":true,"showParticleSystems":true,"showVisualEffectGraphs":true,"m_FxEnabled":true},"in2DMode":false,"pivot":{"x":10.709321975708008,"y":5.3651347160339359,"z":51.806915283203128},"rotation":{"x":0.01768459752202034,"y":-0.023397060111165048,"z":-0.0004139389202464372,"w":-0.9995709657669067},"size":22.865785598754884,"orthographic":false}