{"cameraMode":{"drawMode":0,"name":"Shaded","section":"Shading Mode"},"sceneLighting":true,"audioPlay":false,"sceneViewState":{"m_AlwaysRefresh":false,"showFog":true,"showSkybox":true,"showFlares":true,"showImageEffects":true,"showParticleSystems":true,"showVisualEffectGraphs":true,"m_FxEnabled":true},"in2DMode":false,"pivot":{"x":7.561595439910889,"y":8.086308479309082,"z":58.20282745361328},"rotation":{"x":0.07193059474229813,"y":0.014064906165003777,"z":-0.0010144176194444299,"w":0.9973102807998657},"size":29.062362670898439,"orthographic":false}