{"cameraMode":{"drawMode":0,"name":"Shaded","section":"Shading Mode"},"sceneLighting":true,"audioPlay":false,"sceneViewState":{"m_AlwaysRefresh":false,"showFog":true,"showSkybox":true,"showFlares":true,"showImageEffects":true,"showParticleSystems":true,"showVisualEffectGraphs":true,"m_FxEnabled":true},"in2DMode":false,"pivot":{"x":383.3396911621094,"y":230.2433319091797,"z":0.964447021484375},"rotation":{"x":-0.009309591725468636,"y":-0.0039029442705214025,"z":0.00003572299829102121,"w":-0.9999545812606812},"size":229.92893981933595,"orthographic":false}